Category,Skill,Source,Notes
Strategic Leadership & Management,Team Leadership,Resume,
Strategic Leadership & Management,Project Management,Resume,
Strategic Leadership & Management,Agile,Resume,
Strategic Leadership & Management,Waterfall,Resume,
Strategic Leadership & Management,SCRUM Master,Resume,
Strategic Leadership & Management,Vendor Management,Resume,
Strategic Leadership & Management,ITIL,Resume,
Strategic Leadership & Management,SDLC,Resume,
Strategic Leadership & Management,Process Engineering,Resume,
Strategic Leadership & Management,Planning & Budgeting,Resume,
Strategic Leadership & Management,Outsourcing,Resume,
Data & Analytics,Data Strategy,Resume,
Data & Analytics,ETL Pipeline Design,Resume,
Data & Analytics,Data Modeling,Resume,
Data & Analytics,Data Governance,Resume,
Data & Analytics,SQL Server,Resume,
Data & Analytics,Power BI,Resume,
Data & Analytics,Operational Data Warehouses,Resume,
Data & Analytics,Data Analysis,Resume,
Data & Analytics,Reporting,Resume,
Data & Analytics,AI Model Development,Resume,
Data & Analytics,Machine Learning,Resume,
Data & Analytics,Categorization,Resume,
Automation & Systems,Robotic Process Automation,Resume,
Automation & Systems,RPA,Resume,
Automation & Systems,UiPath,Resume,
Automation & Systems,Power Automate,Resume,
Automation & Systems,API Development,Resume,
Automation & Systems,API Integration,Resume,
Automation & Systems,System Automation,Resume,
Automation & Systems,ERP Systems,Resume,
Automation & Systems,Oracle 11i,Resume,
Automation & Systems,Pronto,Resume,
Automation & Systems,SAP,Resume,
Automation & Systems,AS400,Resume,
Automation & Systems,CRM,Resume,
Automation & Systems,Microsoft CRM,Resume,
Automation & Systems,Salesforce,Resume,
Automation & Systems,MRP,Resume,
Automation & Systems,Infor,Resume,
Automation & Systems,Office 365,Resume,
Automation & Systems,Azure,Resume,
Automation & Systems,AWS,Resume,
Automation & Systems,Zabbix,Resume,
Automation & Systems,VDI,Resume,
Automation & Systems,Apigee,Resume,
Key Technologies,Python,Resume,
Key Technologies,SQL Server,Resume,
Key Technologies,Azure Data Factory,Resume,
Key Technologies,Databricks,Resume,
Key Technologies,CI/CD,Resume,
Key Technologies,UiPath,Resume,
Key Technologies,Azure,Resume,
Key Technologies,SSIS,Resume,
Key Technologies,Power Automate,Resume,
Key Technologies,Office 365,Resume,
Key Technologies,SAP,Resume,
Key Technologies,IDS(AS400),Resume,
Key Technologies,ERA,Resume,
Key Technologies,Autoline,Resume,
Key Technologies,SAP Commerce cloud,Resume,
Key Technologies,Emarsys,Resume,
Key Technologies,Salesforce Marketing Cloud,Resume,
Key Technologies,Oracle 11i eBS,Resume,
Key Technologies,BI,Resume,
Key Technologies,Cognos,Resume,
Key Technologies,TM1,Resume,
Key Technologies,Yellowfin,Resume,
Key Technologies,SSRS,Resume,
Key Technologies,Microsoft Exchange,Resume,
Key Technologies,SharePoint,Resume,
Key Technologies,Lync,Resume,
Key Technologies,.NET,Resume,
Key Technologies,Cursor,Resume,
Key Technologies,ChatGPT Suite,Resume,
Key Technologies,Loveable,Resume,
Key Technologies,Gemini Suite,Resume,
